Entry,Sample1,Sample2,Base,Solvent,Product
1,OCC1=CC=CC=C1,OB(/C=C/C1=CC=CC=C1)O,[O-]P(=O)([O-])[O-].[K+].[K+].[K+],CC1=CC=CC=C1,C1(C/C=C/C2=CC=CC=C2)=CC=CC=C1
2,OC(C)C1=CC=CC=C1,OB(/C=C/C1=CC=CC=C1)O,[O-]P(=O)([O-])[O-].[K+].[K+].[K+],CC1=CC=CC=C1,CC(/C=C/C1=CC=CC=C1)C2=CC=CC=C2
3,CC(O)(C)C1=CC=CC=C1,OB(/C=C/C1=CC=CC=C1)O,[O-]P(=O)([O-])[O-].[K+].[K+].[K+],CC1=CC=CC=C1,CC(/C=C/C1=CC=CC=C1)(C)C2=CC=CC=C2
4,OC(CC)C1=CC=CC=C1,OB(/C=C/C1=CC=CC=C1)O,[O-]P(=O)([O-])[O-].[K+].[K+].[K+],CC1=CC=CC=C1,CCC(/C=C/C1=CC=CC=C1)C2=CC=CC=C2
5,OC(C1=CC=CC=C1)C2=CC=CC=C2,OB(/C=C/C1=CC=CC=C1)O,[O-]P(=O)([O-])[O-].[K+].[K+].[K+],CC1=CC=CC=C1,C1(C(C2=CC=CC=C2)/C=C/C3=CC=CC=C3)=CC=CC=C1
6,OC(C1=CC=CO1)C2=CC=CC=C2,OB(/C=C/C1=CC=CC=C1)O,[O-]P(=O)([O-])[O-].[K+].[K+].[K+],CC1=CC=CC=C1,C1(C(C2=CC=CO2)/C=C/C3=CC=CC=C3)=CC=CC=C1
7,OC(C#N)C1=CC=CC=C1,OB(/C=C/C1=CC=CC=C1)O,[O-]P(=O)([O-])[O-].[K+].[K+].[K+],CC1=CC=CC=C1,N#CC(/C=C/C1=CC=CC=C1)C2=CC=CC=C2
8,OC(C(OCC)=O)C1=CC=CC=C1,OB(/C=C/C1=CC=CC=C1)O,[O-]P(=O)([O-])[O-].[K+].[K+].[K+],CC1=CC=CC=C1,O=C(C(/C=C/C1=CC=CC=C1)C2=CC=CC=C2)OCC
9,OC(C(NCC1=CC=CC=C1)=O)C2=CC=CC=C2,OB(/C=C/C1=CC=CC=C1)O,[O-]P(=O)([O-])[O-].[K+].[K+].[K+],CC1=CC=CC=C1,O=C(C(/C=C/C1=CC=CC=C1)C2=CC=CC=C2)NCC3=CC=CC=C3
10,OC(C(F)(F)F)C1=CC=CC=C1,OB(/C=C/C1=CC=CC=C1)O,[O-]P(=O)([O-])[O-].[K+].[K+].[K+],CC1=CC=CC=C1,FC(C(/C=C/C1=CC=CC=C1)C2=CC=CC=C2)(F)F
11,OC(C=C)C1=CC=CC=C1,OB(/C=C/C1=CC=CC=C1)O,[O-]P(=O)([O-])[O-].[K+].[K+].[K+],CC1=CC=CC=C1,C=CC(/C=C/C1=CC=CC=C1)C2=CC=CC=C2
12,OC(C#C)C1=CC=CC=C1,OB(/C=C/C1=CC=CC=C1)O,[O-]P(=O)([O-])[O-].[K+].[K+].[K+],CC1=CC=CC=C1,C#CC(/C=C/C1=CC=CC=C1)C2=CC=CC=C2
13,OC(CO)C1=CC=CC=C1,OB(/C=C/C1=CC=CC=C1)O,[O-]P(=O)([O-])[O-].[K+].[K+].[K+],CC1=CC=CC=C1,OCC(/C=C/C1=CC=CC=C1)C2=CC=CC=C2
,OC(CO)C1=CC=CC=C1,OB(/C=C/C1=CC=CC=C1)O,[O-]P(=O)([O-])[O-].[K+].[K+].[K+],CC1=CC=CC=C1,OC(C/C=C/C1=CC=CC=C1)C2=CC=CC=C2
14,OC(COS(=O)(C(F)(F)F)=O)C1=CC=CC=C1,OB(/C=C/C1=CC=CC=C1)O,[O-]P(=O)([O-])[O-].[K+].[K+].[K+],CC1=CC=CC=C1,O=S(OCC(/C=C/C1=CC=CC=C1)C2=CC=CC=C2)(C(F)(F)F)=O
,OC(COS(=O)(C(F)(F)F)=O)C1=CC=CC=C1,OB(/C=C/C1=CC=CC=C1)O,[O-]P(=O)([O-])[O-].[K+].[K+].[K+],CC1=CC=CC=C1,OCC(/C=C/C1=CC=CC=C1)C2=CC=CC=C2
15,OC(COC)C1=CC=CC=C1,OB(/C=C/C1=CC=CC=C1)O,[O-]P(=O)([O-])[O-].[K+].[K+].[K+],CC1=CC=CC=C1,COCC(/C=C/C1=CC=CC=C1)C2=CC=CC=C2
16,OC(CC(F)(F)F)C1=CC=CC=C1,OB(/C=C/C1=CC=CC=C1)O,[O-]P(=O)([O-])[O-].[K+].[K+].[K+],CC1=CC=CC=C1,FC(CC(/C=C/C1=CC=CC=C1)C2=CC=CC=C2)(F)F
17,OC(CF)C1=CC=CC=C1,OB(/C=C/C1=CC=CC=C1)O,[O-]P(=O)([O-])[O-].[K+].[K+].[K+],CC1=CC=CC=C1,FCC(/C=C/C1=CC=CC=C1)C2=CC=CC=C2
18,OC(CNC(CC1=CC=CC=C1)=O)C2=CC=CC=C2,OB(/C=C/C1=CC=CC=C1)O,[O-]P(=O)([O-])[O-].[K+].[K+].[K+],CC1=CC=CC=C1,O=C(NCC(/C=C/C1=CC=CC=C1)C2=CC=CC=C2)CC3=CC=CC=C3
,OC(CNC(CC1=CC=CC=C1)=O)C2=CC=CC=C2,OB(/C=C/C1=CC=CC=C1)O,[O-]P(=O)([O-])[O-].[K+].[K+].[K+],CC1=CC=CC=C1,NCC(/C=C/C1=CC=CC=C1)C2=CC=CC=C2
19,OC(CNS(=O)(C(F)(F)F)=O)C1=CC=CC=C1,OB(/C=C/C1=CC=CC=C1)O,[O-]P(=O)([O-])[O-].[K+].[K+].[K+],CC1=CC=CC=C1,O=S(NCC(/C=C/C1=CC=CC=C1)C2=CC=CC=C2)(C(F)(F)F)=O
,OC(CNS(=O)(C(F)(F)F)=O)C1=CC=CC=C1,OB(/C=C/C1=CC=CC=C1)O,[O-]P(=O)([O-])[O-].[K+].[K+].[K+],CC1=CC=CC=C1,NCC(/C=C/C1=CC=CC=C1)C2=CC=CC=C2
20,OC(C)C1=C(F)C=CC=C1,OB(/C=C/C1=CC=CC=C1)O,[O-]P(=O)([O-])[O-].[K+].[K+].[K+],CC1=CC=CC=C1,CC(/C=C/C1=CC=CC=C1)C2=C(F)C=CC=C2
21,OC(C)C1=C(Br)C=CC=C1,OB(/C=C/C1=CC=CC=C1)O,[O-]P(=O)([O-])[O-].[K+].[K+].[K+],CC1=CC=CC=C1,CC(/C=C/C1=CC=CC=C1)C2=C(Br)C=CC=C2
22,OC(C)C1=C(I)C=CC=C1,OB(/C=C/C1=CC=CC=C1)O,[O-]P(=O)([O-])[O-].[K+].[K+].[K+],CC1=CC=CC=C1,CC(/C=C/C1=CC=CC=C1)C2=C(I)C=CC=C2
23,OC(C)C1=C([N+]([O-])=O)C=CC=C1,OB(/C=C/C1=CC=CC=C1)O,[O-]P(=O)([O-])[O-].[K+].[K+].[K+],CC1=CC=CC=C1,CC(/C=C/C1=CC=CC=C1)C2=C([N+]([O-])=O)C=CC=C2
24,OC(C)C1=C(C(O)=O)C=CC=C1,OB(/C=C/C1=CC=CC=C1)O,[O-]P(=O)([O-])[O-].[K+].[K+].[K+],CC1=CC=CC=C1,CC(/C=C/C1=CC=CC=C1)C2=CC=CC=C2C(O)=O
25,OC(C)C1=C(C(OCC)=O)C=CC=C1,OB(/C=C/C1=CC=CC=C1)O,[O-]P(=O)([O-])[O-].[K+].[K+].[K+],CC1=CC=CC=C1,CC(/C=C/C1=CC=CC=C1)C2=CC=CC=C2C(OCC)=O
26,OC(C)C1=C([Si](C)(C)C)C=CC=C1,OB(/C=C/C1=CC=CC=C1)O,[O-]P(=O)([O-])[O-].[K+].[K+].[K+],CC1=CC=CC=C1,CC(/C=C/C1=CC=CC=C1)C2=CC=CC=C2[Si](C)(C)C
27,OC(C)C1=C(C(NCC2=CC=CC=C2)=O)C=CC=C1,OB(/C=C/C1=CC=CC=C1)O,[O-]P(=O)([O-])[O-].[K+].[K+].[K+],CC1=CC=CC=C1,CC(/C=C/C1=CC=CC=C1)C2=CC=CC=C2C(NCC3=CC=CC=C3)=O
28,OC(C)C1=NC=CC=C1,OB(/C=C/C1=CC=CC=C1)O,[O-]P(=O)([O-])[O-].[K+].[K+].[K+],CC1=CC=CC=C1,CC(/C=C/C1=CC=CC=C1)C2=NC=CC=C2
29,OC(C)C1=C(C=C)C=CC=C1,OB(/C=C/C1=CC=CC=C1)O,[O-]P(=O)([O-])[O-].[K+].[K+].[K+],CC1=CC=CC=C1,CC(/C=C/C1=CC=CC=C1)C2=C(C=C)C=CC=C2
30,OC(C)C1=C(C#C)C=CC=C1,OB(/C=C/C1=CC=CC=C1)O,[O-]P(=O)([O-])[O-].[K+].[K+].[K+],CC1=CC=CC=C1,CC(/C=C/C1=CC=CC=C1)C2=C(C#C)C=CC=C2
31,OC(C)C1=C(O)C=CC=C1,OB(/C=C/C1=CC=CC=C1)O,[O-]P(=O)([O-])[O-].[K+].[K+].[K+],CC1=CC=CC=C1,CC(/C=C/C1=CC=CC=C1)C2=C(O)C=CC=C2
32,OC(C)C1=C(OC(OC(C)(C)C)=O)C=CC=C1,OB(/C=C/C1=CC=CC=C1)O,[O-]P(=O)([O-])[O-].[K+].[K+].[K+],CC1=CC=CC=C1,CC(/C=C/C1=CC=CC=C1)C2=C(O)C=CC=C2
,OC(C)C1=C(OC(OC(C)(C)C)=O)C=CC=C1,OB(/C=C/C1=CC=CC=C1)O,[O-]P(=O)([O-])[O-].[K+].[K+].[K+],CC1=CC=CC=C1,CC(/C=C/C1=CC=CC=C1)C2=C(OC(OC(C)(C)C)=O)C=CC=C2
33,OC(C)C1=C(OC(C)=O)C=CC=C1,OB(/C=C/C1=CC=CC=C1)O,[O-]P(=O)([O-])[O-].[K+].[K+].[K+],CC1=CC=CC=C1,CC(/C=C/C1=CC=CC=C1)C2=C(O)C=CC=C2
,OC(C)C1=C(OC(C)=O)C=CC=C1,OB(/C=C/C1=CC=CC=C1)O,[O-]P(=O)([O-])[O-].[K+].[K+].[K+],CC1=CC=CC=C1,CC1=CC=CC=C1
34,OC(C)C1=C(OS(=O)(C(F)(F)F)=O)C=CC=C1,OB(/C=C/C1=CC=CC=C1)O,[O-]P(=O)([O-])[O-].[K+].[K+].[K+],CC1=CC=CC=C1,CC(/C=C/C1=CC=CC=C1)C2=C(O)C=CC=C2
,OC(C)C1=C(OS(=O)(C(F)(F)F)=O)C=CC=C1,OB(/C=C/C1=CC=CC=C1)O,[O-]P(=O)([O-])[O-].[K+].[K+].[K+],CC1=CC=CC=C1,CC(/C=C/C1=CC=CC=C1)C2=C(OS(=O)(C(F)(F)F)=O)C=CC=C2
35,OC(C)C1=C(OS(C)(=O)=O)C=CC=C1,OB(/C=C/C1=CC=CC=C1)O,[O-]P(=O)([O-])[O-].[K+].[K+].[K+],CC1=CC=CC=C1,CC(/C=C/C1=CC=CC=C1)C2=C(O)C=CC=C2
,OC(C)C1=C(OS(C)(=O)=O)C=CC=C1,OB(/C=C/C1=CC=CC=C1)O,[O-]P(=O)([O-])[O-].[K+].[K+].[K+],CC1=CC=CC=C1,CC(/C=C/C1=CC=CC=C1)C2=C(OS(C)(=O)=O)C=CC=C2
36,OC(C)C1=C(OS(C2=CC=C(C)C=C2)(=O)=O)C=CC=C1,OB(/C=C/C1=CC=CC=C1)O,[O-]P(=O)([O-])[O-].[K+].[K+].[K+],CC1=CC=CC=C1,CC(/C=C/C1=CC=CC=C1)C2=C(O)C=CC=C2
,OC(C)C1=C(OS(C2=CC=C(C)C=C2)(=O)=O)C=CC=C1,OB(/C=C/C1=CC=CC=C1)O,[O-]P(=O)([O-])[O-].[K+].[K+].[K+],CC1=CC=CC=C1,CC(/C=C/C1=CC=CC=C1)C2=C(OS(C3=CC=C(C)C=C3)(=O)=O)C=CC=C2
37,OC(C)C1=C(O[Si](C)(C)C)C=CC=C1,OB(/C=C/C1=CC=CC=C1)O,[O-]P(=O)([O-])[O-].[K+].[K+].[K+],CC1=CC=CC=C1,CC(/C=C/C1=CC=CC=C1)C2=C(O[Si](C)(C)C)C=CC=C2
38,OC(C)C1=C(OC)C=CC=C1,OB(/C=C/C1=CC=CC=C1)O,[O-]P(=O)([O-])[O-].[K+].[K+].[K+],CC1=CC=CC=C1,CC(/C=C/C1=CC=CC=C1)C2=C(OC)C=CC=C2
39,OC(C)C(C=CC=C1)=C1N,OB(/C=C/C1=CC=CC=C1)O,[O-]P(=O)([O-])[O-].[K+].[K+].[K+],CC1=CC=CC=C1,CC(/C=C/C1=CC=CC=C1)C2=C(N)C=CC=C2
40,OC(C)C1=C(NC(OC(C)(C)C)=O)C=CC=C1,OB(/C=C/C1=CC=CC=C1)O,[O-]P(=O)([O-])[O-].[K+].[K+].[K+],CC1=CC=CC=C1,CC(/C=C/C1=CC=CC=C1)C2=C(N)C=CC=C2
,OC(C)C1=C(NC(OC(C)(C)C)=O)C=CC=C1,OB(/C=C/C1=CC=CC=C1)O,[O-]P(=O)([O-])[O-].[K+].[K+].[K+],CC1=CC=CC=C1,CC(/C=C/C1=CC=CC=C1)C2=C(NC(OC(C)(C)C)=O)C=CC=C2
41,OC(C)C1=C(NC(C)=O)C=CC=C1,OB(/C=C/C1=CC=CC=C1)O,[O-]P(=O)([O-])[O-].[K+].[K+].[K+],CC1=CC=CC=C1,CC(/C=C/C1=CC=CC=C1)C2=C(N)C=CC=C2
,OC(C)C1=C(NC(C)=O)C=CC=C1,OB(/C=C/C1=CC=CC=C1)O,[O-]P(=O)([O-])[O-].[K+].[K+].[K+],CC1=CC=CC=C1,CC(/C=C/C1=CC=CC=C1)C2=C(NC(C)=O)C=CC=C2
42,OC(C)C1=C(NS(=O)(C(F)(F)F)=O)C=CC=C1,OB(/C=C/C1=CC=CC=C1)O,[O-]P(=O)([O-])[O-].[K+].[K+].[K+],CC1=CC=CC=C1,CC(/C=C/C1=CC=CC=C1)C2=C(N)C=CC=C2
,OC(C)C1=C(NS(=O)(C(F)(F)F)=O)C=CC=C1,OB(/C=C/C1=CC=CC=C1)O,[O-]P(=O)([O-])[O-].[K+].[K+].[K+],CC1=CC=CC=C1,CC(/C=C/C1=CC=CC=C1)C2=C(NS(=O)(C(F)(F)F)=O)C=CC=C2
43,OC(C)C1=C(NS(C2=CC=C(C)C=C2)(=O)=O)C=CC=C1,OB(/C=C/C1=CC=CC=C1)O,[O-]P(=O)([O-])[O-].[K+].[K+].[K+],CC1=CC=CC=C1,CC(/C=C/C1=CC=CC=C1)C2=C(N)C=CC=C2
,OC(C)C1=C(NS(C2=CC=C(C)C=C2)(=O)=O)C=CC=C1,OB(/C=C/C1=CC=CC=C1)O,[O-]P(=O)([O-])[O-].[K+].[K+].[K+],CC1=CC=CC=C1,CC(/C=C/C1=CC=CC=C1)C2=C(NS(C3=CC=C(C)C=C3)(=O)=O)C=CC=C2
44,OC(C)C1=C(NS(C)(=O)=O)C=CC=C1,OB(/C=C/C1=CC=CC=C1)O,[O-]P(=O)([O-])[O-].[K+].[K+].[K+],CC1=CC=CC=C1,CC(/C=C/C1=CC=CC=C1)C2=C(N)C=CC=C2
,OC(C)C1=C(NS(C)(=O)=O)C=CC=C1,OB(/C=C/C1=CC=CC=C1)O,[O-]P(=O)([O-])[O-].[K+].[K+].[K+],CC1=CC=CC=C1,CC(/C=C/C1=CC=CC=C1)C2=C(NS(C)(=O)=O)C=CC=C2
45,OC(C)C1=C(NC)C=CC=C1,OB(/C=C/C1=CC=CC=C1)O,[O-]P(=O)([O-])[O-].[K+].[K+].[K+],CC1=CC=CC=C1,CC(/C=C/C1=CC=CC=C1)C2=C(NC)C=CC=C2
46,OC(C)C1=CC=CC(O)=C1,OB(/C=C/C1=CC=CC=C1)O,[O-]P(=O)([O-])[O-].[K+].[K+].[K+],CC1=CC=CC=C1,CC(/C=C/C1=CC=CC=C1)C2=CC=CC(O)=C2
47,OC(C)C1=CC=CC([N+]([O-])=O)=C1,OB(/C=C/C1=CC=CC=C1)O,[O-]P(=O)([O-])[O-].[K+].[K+].[K+],CC1=CC=CC=C1,CC(/C=C/C1=CC=CC=C1)C2=CC=CC([N+]([O-])=O)=C2
48,OC(C)C1=CC=CC(C(OCC)=O)=C1,OB(/C=C/C1=CC=CC=C1)O,[O-]P(=O)([O-])[O-].[K+].[K+].[K+],CC1=CC=CC=C1,CC(/C=C/C1=CC=CC=C1)C2=CC=CC(C(OCC)=O)=C2
49,OC(C)C1=CC=CC(F)=C1,OB(/C=C/C1=CC=CC=C1)O,[O-]P(=O)([O-])[O-].[K+].[K+].[K+],CC1=CC=CC=C1,CC(/C=C/C1=CC=CC=C1)C2=CC=CC(F)=C2
50,OC(C)C1=CC=CC(OC(OC(C)(C)C)=O)=C1,OB(/C=C/C1=CC=CC=C1)O,[O-]P(=O)([O-])[O-].[K+].[K+].[K+],CC1=CC=CC=C1,CC(/C=C/C1=CC=CC=C1)C2=CC=CC(O)=C2
,OC(C)C1=CC=CC(OC(OC(C)(C)C)=O)=C1,OB(/C=C/C1=CC=CC=C1)O,[O-]P(=O)([O-])[O-].[K+].[K+].[K+],CC1=CC=CC=C1,CC(/C=C/C1=CC=CC=C1)C2=CC=CC(OC(OC(C)(C)C)=O)=C2
51,OC(C)C1=CC=CC(OS(=O)(C(F)(F)F)=O)=C1,OB(/C=C/C1=CC=CC=C1)O,[O-]P(=O)([O-])[O-].[K+].[K+].[K+],CC1=CC=CC=C1,CC(/C=C/C1=CC=CC=C1)C2=CC=CC(O)=C2
,OC(C)C1=CC=CC(OS(=O)(C(F)(F)F)=O)=C1,OB(/C=C/C1=CC=CC=C1)O,[O-]P(=O)([O-])[O-].[K+].[K+].[K+],CC1=CC=CC=C1,CC(/C=C/C1=CC=CC=C1)C2=CC=CC(OS(=O)(C(F)(F)F)=O)=C2
52,OC(C)C1=CC=C(O)C=C1,OB(/C=C/C1=CC=CC=C1)O,[O-]P(=O)([O-])[O-].[K+].[K+].[K+],CC1=CC=CC=C1,CC(/C=C/C1=CC=CC=C1)C2=CC=C(O)C=C2
53,OC(C)C1=CC=C([N+]([O-])=O)C=C1,OB(/C=C/C1=CC=CC=C1)O,[O-]P(=O)([O-])[O-].[K+].[K+].[K+],CC1=CC=CC=C1,CC(/C=C/C1=CC=CC=C1)C2=CC=C([N+]([O-])=O)C=C2
54,OC(C)C1=CC=C(C(OCC)=O)C=C1,OB(/C=C/C1=CC=CC=C1)O,[O-]P(=O)([O-])[O-].[K+].[K+].[K+],CC1=CC=CC=C1,CC(/C=C/C1=CC=CC=C1)C2=CC=C(C(OCC)=O)C=C2
55,OC(C)C1=CC=C(F)C=C1,OB(/C=C/C1=CC=CC=C1)O,[O-]P(=O)([O-])[O-].[K+].[K+].[K+],CC1=CC=CC=C1,CC(/C=C/C1=CC=CC=C1)C2=CC=C(F)C=C2
56,OC(C)C1=CC=C(OC(OC(C)(C)C)=O)C=C1,OB(/C=C/C1=CC=CC=C1)O,[O-]P(=O)([O-])[O-].[K+].[K+].[K+],CC1=CC=CC=C1,CC(/C=C/C1=CC=CC=C1)C2=CC=C(O)C=C2
,OC(C)C1=CC=C(OC(OC(C)(C)C)=O)C=C1,OB(/C=C/C1=CC=CC=C1)O,[O-]P(=O)([O-])[O-].[K+].[K+].[K+],CC1=CC=CC=C1,CC(/C=C/C1=CC=CC=C1)C2=CC=C(OC(OC(C)(C)C)=O)C=C2
57,OC(C)C1=CC=C(OS(=O)(C(F)(F)F)=O)C=C1,OB(/C=C/C1=CC=CC=C1)O,[O-]P(=O)([O-])[O-].[K+].[K+].[K+],CC1=CC=CC=C1,CC(/C=C/C1=CC=CC=C1)C2=CC=C(O)C=C2
,OC(C)C1=CC=C(OS(=O)(C(F)(F)F)=O)C=C1,OB(/C=C/C1=CC=CC=C1)O,[O-]P(=O)([O-])[O-].[K+].[K+].[K+],CC1=CC=CC=C1,CC(/C=C/C1=CC=CC=C1)C2=CC=C(OS(=O)(C(F)(F)F)=O)C=C2
58,OC(C)/C=C/C1=CC=CC=C1,OB(/C=C/C1=CC=CC=C1)O,[O-]P(=O)([O-])[O-].[K+].[K+].[K+],CC1=CC=CC=C1,CC(/C=C/C1=CC=CC=C1)/C=C/C2=CC=CC=C2
59,O=C(C(C(C)O)=C)C1=CC=CC=C1,OB(/C=C/C1=CC=CC=C1)O,[O-]P(=O)([O-])[O-].[K+].[K+].[K+],CC1=CC=CC=C1,O=C(C(C(/C=C/C1=CC=CC=C1)C)=C)C2=CC=CC=C2
60,CC(O)C#CC1=CC=CC=C1,OB(/C=C/C1=CC=CC=C1)O,[O-]P(=O)([O-])[O-].[K+].[K+].[K+],CC1=CC=CC=C1,CC(/C=C/C1=CC=CC=C1)C#CC2=CC=CC=C2
61,OC(C)C1=C(OP(OCC)(OCC)=O)C=CC=C1,OB(/C=C/C1=CC=CC=C1)O,[O-]P(=O)([O-])[O-].[K+].[K+].[K+],CC1=CC=CC=C1,CC(/C=C/C1=CC=CC=C1)C2=C(O)C=CC=C2
,OC(C)C1=C(OP(OCC)(OCC)=O)C=CC=C1,OB(/C=C/C1=CC=CC=C1)O,[O-]P(=O)([O-])[O-].[K+].[K+].[K+],CC1=CC=CC=C1,CC(/C=C/C1=CC=CC=C1)C2=C(OP(OCC)(OCC)=O)C=CC=C2
62,CC(OB(C1=CC=CC=C1)O2)C3=C2C=CC=C3,OB(/C=C/C1=CC=CC=C1)O,[O-]P(=O)([O-])[O-].[K+].[K+].[K+],CC1=CC=CC=C1,CC(/C=C/C1=CC=CC=C1)C2=C(O)C=CC=C2
63,O=C(O1)OC(C)C2=C1C=CC=C2,OB(/C=C/C1=CC=CC=C1)O,[O-]P(=O)([O-])[O-].[K+].[K+].[K+],CC1=CC=CC=C1,CC(/C=C/C1=CC=CC=C1)C2=C(O)C=CC=C2
64,O=C(N1)OC(C)C2=C1C=CC=C2,OB(/C=C/C1=CC=CC=C1)O,[O-]P(=O)([O-])[O-].[K+].[K+].[K+],CC1=CC=CC=C1,CC(/C=C/C1=CC=CC=C1)C2=C(N)C=CC=C2
65,O=S(OC(C)C1=C2C=CC=C1)(O2)=O,OB(/C=C/C1=CC=CC=C1)O,[O-]P(=O)([O-])[O-].[K+].[K+].[K+],CC1=CC=CC=C1,CC(/C=C/C1=CC=CC=C1)C2=C(O)C=CC=C2
66,O=S(OC(C)C1=C2C=CC=C1)(N2)=O,OB(/C=C/C1=CC=CC=C1)O,[O-]P(=O)([O-])[O-].[K+].[K+].[K+],CC1=CC=CC=C1,CC(/C=C/C1=CC=CC=C1)C2=C(N)C=CC=C2
67,SCCO,OB(/C=C/C1=CC=CC=C1)O,[O-]P(=O)([O-])[O-].[K+].[K+].[K+],CC1=CC=CC=C1,SCC/C=C/C1=CC=CC=C1
68,NCCO,OB(/C=C/C1=CC=CC=C1)O,[O-]P(=O)([O-])[O-].[K+].[K+].[K+],CC1=CC=CC=C1,NCC/C=C/C1=CC=CC=C1
69,FC(F)CO,OB(/C=C/C1=CC=CC=C1)O,[O-]P(=O)([O-])[O-].[K+].[K+].[K+],CC1=CC=CC=C1,FC(F)C/C=C/C1=CC=CC=C1
70,OCC1OC1,OB(/C=C/C1=CC=CC=C1)O,[O-]P(=O)([O-])[O-].[K+].[K+].[K+],CC1=CC=CC=C1,C1(/C=C/CC2OC2)=CC=CC=C1
71,OCCNC1=CC=CC=C1,OB(/C=C/C1=CC=CC=C1)O,[O-]P(=O)([O-])[O-].[K+].[K+].[K+],CC1=CC=CC=C1,C1(/C=C/CCNC2=CC=CC=C2)=CC=CC=C1
72,OCCOC1=CC=CC=C1,OB(/C=C/C1=CC=CC=C1)O,[O-]P(=O)([O-])[O-].[K+].[K+].[K+],CC1=CC=CC=C1,C1(/C=C/CCOC2=CC=CC=C2)=CC=CC=C1
73,CC(O)C,OB(/C=C/C1=CC=CC=C1)O,[O-]P(=O)([O-])[O-].[K+].[K+].[K+],CC1=CC=CC=C1,CC(C)/C=C/C1=CC=CC=C1
74,OC1CC1,OB(/C=C/C1=CC=CC=C1)O,[O-]P(=O)([O-])[O-].[K+].[K+].[K+],CC1=CC=CC=C1,C1(/C=C/C2CC2)=CC=CC=C1
75,OC1CCC1,OB(/C=C/C1=CC=CC=C1)O,[O-]P(=O)([O-])[O-].[K+].[K+].[K+],CC1=CC=CC=C1,C1(/C=C/C2CCC2)=CC=CC=C1
76,OC1CCCC1,OB(/C=C/C1=CC=CC=C1)O,[O-]P(=O)([O-])[O-].[K+].[K+].[K+],CC1=CC=CC=C1,C1(/C=C/C2CCCC2)=CC=CC=C1
77,OC1CCCCC1,OB(/C=C/C1=CC=CC=C1)O,[O-]P(=O)([O-])[O-].[K+].[K+].[K+],CC1=CC=CC=C1,C1(/C=C/C2CCCCC2)=CC=CC=C1
78,OC1C(O)CCCC1,OB(/C=C/C1=CC=CC=C1)O,[O-]P(=O)([O-])[O-].[K+].[K+].[K+],CC1=CC=CC=C1,OC(CCCC1)C1/C=C/C2=CC=CC=C2
79,OC1C(OS(=O)(C(F)(F)F)=O)CCCC1,OB(/C=C/C1=CC=CC=C1)O,[O-]P(=O)([O-])[O-].[K+].[K+].[K+],CC1=CC=CC=C1,OC(CCCC1)C1/C=C/C2=CC=CC=C2
,OC1C(OS(=O)(C(F)(F)F)=O)CCCC1,OB(/C=C/C1=CC=CC=C1)O,[O-]P(=O)([O-])[O-].[K+].[K+].[K+],CC1=CC=CC=C1,O=S(OC(CCCC1)C1/C=C/C2=CC=CC=C2)(C(F)(F)F)=O
80,OC1CCCCC1=O,OB(/C=C/C1=CC=CC=C1)O,[O-]P(=O)([O-])[O-].[K+].[K+].[K+],CC1=CC=CC=C1,O=C(CCCC1)C1/C=C/C2=CC=CC=C2
81,OC(C)CC1=CC=CC=C1,OB(/C=C/C1=CC=CC=C1)O,[O-]P(=O)([O-])[O-].[K+].[K+].[K+],CC1=CC=CC=C1,CC(/C=C/C1=CC=CC=C1)CC2=CC=CC=C2
82,OC(C#N)CC1=CC=CC=C1,OB(/C=C/C1=CC=CC=C1)O,[O-]P(=O)([O-])[O-].[K+].[K+].[K+],CC1=CC=CC=C1,N#CC(/C=C/C1=CC=CC=C1)CC2=CC=CC=C2
83,OC([N+]([O-])=O)CC1=CC=CC=C1,OB(/C=C/C1=CC=CC=C1)O,[O-]P(=O)([O-])[O-].[K+].[K+].[K+],CC1=CC=CC=C1,O=[N+](C(/C=C/C1=CC=CC=C1)CC2=CC=CC=C2)[O-]
84,OC(C(O)=O)CC1=CC=CC=C1,OB(/C=C/C1=CC=CC=C1)O,[O-]P(=O)([O-])[O-].[K+].[K+].[K+],CC1=CC=CC=C1,O=C(C(/C=C/C1=CC=CC=C1)CC2=CC=CC=C2)O
85,OC(CO)CC1=CC=CC=C1,OB(/C=C/C1=CC=CC=C1)O,[O-]P(=O)([O-])[O-].[K+].[K+].[K+],CC1=CC=CC=C1,OCC(/C=C/C1=CC=CC=C1)CC2=CC=CC=C2
,OC(CO)CC1=CC=CC=C1,OB(/C=C/C1=CC=CC=C1)O,[O-]P(=O)([O-])[O-].[K+].[K+].[K+],CC1=CC=CC=C1,OC(C/C=C/C1=CC=CC=C1)CC2=CC=CC=C2
86,OC(COS(=O)(C(F)(F)F)=O)CC1=CC=CC=C1,OB(/C=C/C1=CC=CC=C1)O,[O-]P(=O)([O-])[O-].[K+].[K+].[K+],CC1=CC=CC=C1,OCC(/C=C/C1=CC=CC=C1)CC2=CC=CC=C2
,OC(COS(=O)(C(F)(F)F)=O)CC1=CC=CC=C1,OB(/C=C/C1=CC=CC=C1)O,[O-]P(=O)([O-])[O-].[K+].[K+].[K+],CC1=CC=CC=C1,O=S(OCC(/C=C/C1=CC=CC=C1)CC2=CC=CC=C2)(C(F)(F)F)=O
87,OC(CNC(CC1=CC=CC=C1)=O)CC2=CC=CC=C2,OB(/C=C/C1=CC=CC=C1)O,[O-]P(=O)([O-])[O-].[K+].[K+].[K+],CC1=CC=CC=C1,NCC(/C=C/C1=CC=CC=C1)CC2=CC=CC=C2
,OC(CNC(CC1=CC=CC=C1)=O)CC2=CC=CC=C2,OB(/C=C/C1=CC=CC=C1)O,[O-]P(=O)([O-])[O-].[K+].[K+].[K+],CC1=CC=CC=C1,O=C(NCC(/C=C/C1=CC=CC=C1)CC2=CC=CC=C2)CC3=CC=CC=C3
88,OC1CCCO1,OB(/C=C/C1=CC=CC=C1)O,[O-]P(=O)([O-])[O-].[K+].[K+].[K+],CC1=CC=CC=C1,C1(OCCC1)/C=C/C2=CC=CC=C2
89,OCCCC(OCC)=O,OB(/C=C/C1=CC=CC=C1)O,[O-]P(=O)([O-])[O-].[K+].[K+].[K+],CC1=CC=CC=C1,O=C(CCC/C=C/C1=CC=CC=C1)OCC
90,OCCC1=C(OS(=O)(C(F)(F)F)=O)C=CC=C1,OB(/C=C/C1=CC=CC=C1)O,[O-]P(=O)([O-])[O-].[K+].[K+].[K+],CC1=CC=CC=C1,O=S(OC1=C(CC/C=C/C2=CC=CC=C2)C=CC=C1)(C(F)(F)F)=O
91,CC(C)C(NC(OC(C)(C)C)=O)CO,OB(/C=C/C1=CC=CC=C1)O,[O-]P(=O)([O-])[O-].[K+].[K+].[K+],CC1=CC=CC=C1,CC(C)C(N)C/C=C/C1=CC=CC=C1
,CC(C)C(NC(OC(C)(C)C)=O)CO,OB(/C=C/C1=CC=CC=C1)O,[O-]P(=O)([O-])[O-].[K+].[K+].[K+],CC1=CC=CC=C1,CC(C)C(NC(OC(C)(C)C)=O)C/C=C/C1=CC=CC=C1
92,OC([N+]([O-])=O)CCCC,OB(/C=C/C1=CC=CC=C1)O,[O-]P(=O)([O-])[O-].[K+].[K+].[K+],CC1=CC=CC=C1,CCCCC(/C=C/C1=CC=CC=C1)[N+]([O-])=O
93,OC(C#N)CCCC,OB(/C=C/C1=CC=CC=C1)O,[O-]P(=O)([O-])[O-].[K+].[K+].[K+],CC1=CC=CC=C1,CCCCC(/C=C/C1=CC=CC=C1)C#N
94,OCC(C(O)=O)C1=CC=CC=C1,OB(/C=C/C1=CC=CC=C1)O,[O-]P(=O)([O-])[O-].[K+].[K+].[K+],CC1=CC=CC=C1,O=C(C(C/C=C/C1=CC=CC=C1)C2=CC=CC=C2)O
95,C[C@]12CC[C@@]3([H])[C@](CCC4=CC(CC[C@]34[H])=O)([H])[C@]1([H])CC[C@@]2(O)C#C,OB(/C=C/C1=CC=CC=C1)O,[O-]P(=O)([O-])[O-].[K+].[K+].[K+],CC1=CC=CC=C1,C[C@]12CC[C@@]3([H])[C@](CCC4=CC(CC[C@]34[H])=O)([H])[C@]1([H])CC[C@@]2(/C=C/C5=CC=CC=C5)C#C
96,CC(C)(NCC(O)C1=CC(CO)=C(O)C=C1)C,OB(/C=C/C1=CC=CC=C1)O,[O-]P(=O)([O-])[O-].[K+].[K+].[K+],CC1=CC=CC=C1,CC(C)(NCC(O)C1=CC(C/C=C/C2=CC=CC=C2)=C(O)C=C1)C
,CC(C)(NCC(O)C1=CC(CO)=C(O)C=C1)C,OB(/C=C/C1=CC=CC=C1)O,[O-]P(=O)([O-])[O-].[K+].[K+].[K+],CC1=CC=CC=C1,CC(C)(NCC(/C=C/C1=CC=CC=C1)C2=CC(CO)=C(O)C=C2)C
97,CC(C)(C(O)/C=C/C1=CC2=C(OCO2)C=C1)C,OB(/C=C/C1=CC=CC=C1)O,[O-]P(=O)([O-])[O-].[K+].[K+].[K+],CC1=CC=CC=C1,CC(C)(C(/C=C/C1=CC=CC=C1)/C=C/C2=CC3=C(OCO3)C=C2)C
98,CC1=NC=C([N+]([O-])=O)N1CC(O)C,OB(/C=C/C1=CC=CC=C1)O,[O-]P(=O)([O-])[O-].[K+].[K+].[K+],CC1=CC=CC=C1,CC1=NC=C([N+]([O-])=O)N1CC(C)/C=C/C2=CC=CC=C2
99,O=C(NC1=O)C(C(F)(F)F)=CN1[C@@H]2O[C@H](CO)[C@@H](O)C2,OB(/C=C/C1=CC=CC=C1)O,[O-]P(=O)([O-])[O-].[K+].[K+].[K+],CC1=CC=CC=C1,O=C(NC1=O)C(C(F)(F)F)=CN1[C@@H]2O[C@H](C/C=C/C3=CC=CC=C3)[C@@H](O)C2
100,CC(NCC(O)COC1=CC=C(CCOC)C=C1)C,OB(/C=C/C1=CC=CC=C1)O,[O-]P(=O)([O-])[O-].[K+].[K+].[K+],CC1=CC=CC=C1,CC(NCC(/C=C/C1=CC=CC=C1)COC2=CC=C(CCOC)C=C2)C
,CC(OC)C1=C(O)C=CC=C1,OB(/C=C/C1=CC=CC=C1)O,[O-]P(=O)([O-])[O-].[K+].[K+].[K+],CC1=CC=CC=C1,CC(/C=C/C1=CC=CC=C1)C2=C(O)C=CC=C2
